<?xml version="1.0" encoding="UTF-8"?>
<!DOCTYPE mapper PUBLIC "-//mybatis.org//DTD Mapper 3.0//EN" "http://mybatis.org/dtd/mybatis-3-mapper.dtd">
<mapper namespace="com.ksit.erp.mapper.EmployeeLoginLogMapper">
  <resultMap id="BaseResultMap" type="com.ksit.erp.entity.EmployeeLoginLog">
    <id column="id" jdbcType="INTEGER" property="id" />
    <result column="login_ip" jdbcType="VARCHAR" property="loginIp" />
    <result column="login_time" jdbcType="TIMESTAMP" property="loginTime" />
    <result column="employee_id" jdbcType="INTEGER" property="employeeId" />
  </resultMap>
  <sql id="Base_Column_List">
    id, login_ip, login_time, employee_id
  </sql>
  <select id="selectByPrimaryKey" parameterType="java.lang.Integer" resultMap="BaseResultMap">
    select 
    <include refid="Base_Column_List" />
    from employee_login_log
    where id = #{id,jdbcType=INTEGER}
  </select>
  <delete id="deleteByPrimaryKey" parameterType="java.lang.Integer">
    delete from employee_login_log
    where id = #{id,jdbcType=INTEGER}
  </delete>
  <insert id="insert" parameterType="com.ksit.erp.entity.EmployeeLoginLog">
    insert into employee_login_log (id, login_ip, login_time, 
      employee_id)
    values (#{id,jdbcType=INTEGER}, #{loginIp,jdbcType=VARCHAR}, #{loginTime,jdbcType=TIMESTAMP}, 
      #{employeeId,jdbcType=INTEGER})
  </insert>
  <insert id="insertSelective" parameterType="com.ksit.erp.entity.EmployeeLoginLog">
    insert into employee_login_log
    <trim prefix="(" suffix=")" suffixOverrides=",">
      <if test="id != null">
        id,
      </if>
      <if test="loginIp != null">
        login_ip,
      </if>
      <if test="loginTime != null">
        login_time,
      </if>
      <if test="employeeId != null">
        employee_id,
      </if>
    </trim>
    <trim prefix="values (" suffix=")" suffixOverrides=",">
      <if test="id != null">
        #{id,jdbcType=INTEGER},
      </if>
      <if test="loginIp != null">
        #{loginIp,jdbcType=VARCHAR},
      </if>
      <if test="loginTime != null">
        #{loginTime,jdbcType=TIMESTAMP},
      </if>
      <if test="employeeId != null">
        #{employeeId,jdbcType=INTEGER},
      </if>
    </trim>
  </insert>
  <update id="updateByPrimaryKeySelective" parameterType="com.ksit.erp.entity.EmployeeLoginLog">
    update employee_login_log
    <set>
      <if test="loginIp != null">
        login_ip = #{loginIp,jdbcType=VARCHAR},
      </if>
      <if test="loginTime != null">
        login_time = #{loginTime,jdbcType=TIMESTAMP},
      </if>
      <if test="employeeId != null">
        employee_id = #{employeeId,jdbcType=INTEGER},
      </if>
    </set>
    where id = #{id,jdbcType=INTEGER}
  </update>
  <update id="updateByPrimaryKey" parameterType="com.ksit.erp.entity.EmployeeLoginLog">
    update employee_login_log
    set login_ip = #{loginIp,jdbcType=VARCHAR},
      login_time = #{loginTime,jdbcType=TIMESTAMP},
      employee_id = #{employeeId,jdbcType=INTEGER}
    where id = #{id,jdbcType=INTEGER}
  </update>
</mapper>