<?xml version="1.0" encoding="UTF-8"?>
<!DOCTYPE mapper PUBLIC "-//mybatis.org//DTD Mapper 3.0//EN" "http://mybatis.org/dtd/mybatis-3-mapper.dtd">
<mapper namespace="com.ksit.erp.mapper.PermissionMapper">
    <resultMap id="BaseResultMap" type="com.ksit.erp.entity.Permission">
        <id column="id" jdbcType="INTEGER" property="id"/>
        <result column="permission_name" jdbcType="VARCHAR" property="permissionName"/>
        <result column="permission_code" jdbcType="VARCHAR" property="permissionCode"/>
        <result column="permission_type" jdbcType="VARCHAR" property="permissionType"/>
        <result column="create_time" jdbcType="TIMESTAMP" property="createTime"/>
        <result column="update_time" jdbcType="TIMESTAMP" property="updateTime"/>
        <result column="url" jdbcType="VARCHAR" property="url"/>
        <result column="parent_id" jdbcType="INTEGER" property="parentId"/>
    </resultMap>
    <sql id="Base_Column_List">
        id, permission_name, permission_code, permission_type, create_time, update_time,
        url, parent_id
    </sql>
    <select id="selectByPrimaryKey" parameterType="java.lang.Integer" resultMap="BaseResultMap">
        select
        <include refid="Base_Column_List"/>
        from permission
        where id = #{id,jdbcType=INTEGER}
    </select>
    <!--查询权限列表-->
    <select id="listPermission" resultType="com.ksit.erp.entity.Permission">
      select <include refid="Base_Column_List"/>from permission
    </select>
    <select id="validatePermission" resultType="java.lang.Integer">
        select
        count(1)
        from permission where permission_name = #{permissionName}
    </select>
    <!--查询权限节点下是否有子节点-->
    <select id="queryHasChildNode" resultType="java.lang.Integer">
        select count(1) from permission where parent_id = #{id}
    </select>

    <delete id="deleteByPrimaryKey" parameterType="java.lang.Integer">
        delete from permission
        where id = #{id,jdbcType=INTEGER}
    </delete>
    <insert id="insert" parameterType="com.ksit.erp.entity.Permission">
        insert into permission (id, permission_name, permission_code,
                                permission_type, create_time, update_time,
                                url, parent_id)
        values (#{id,jdbcType=INTEGER}, #{permissionName,jdbcType=VARCHAR}, #{permissionCode,jdbcType=VARCHAR},
                #{permissionType,jdbcType=VARCHAR}, #{createTime,jdbcType=TIMESTAMP}, #{updateTime,jdbcType=TIMESTAMP},
                #{url,jdbcType=VARCHAR}, #{parentId,jdbcType=INTEGER})
    </insert>
    <insert id="insertSelective" parameterType="com.ksit.erp.entity.Permission">
        insert into permission
        <trim prefix="(" suffix=")" suffixOverrides=",">
            <if test="id != null">
                id,
            </if>
            <if test="permissionName != null">
                permission_name,
            </if>
            <if test="permissionCode != null">
                permission_code,
            </if>
            <if test="permissionType != null">
                permission_type,
            </if>
            <if test="createTime != null">
                create_time,
            </if>
            <if test="updateTime != null">
                update_time,
            </if>
            <if test="url != null">
                url,
            </if>
            <if test="parentId != null">
                parent_id,
            </if>
        </trim>
        <trim prefix="values (" suffix=")" suffixOverrides=",">
            <if test="id != null">
                #{id,jdbcType=INTEGER},
            </if>
            <if test="permissionName != null">
                #{permissionName,jdbcType=VARCHAR},
            </if>
            <if test="permissionCode != null">
                #{permissionCode,jdbcType=VARCHAR},
            </if>
            <if test="permissionType != null">
                #{permissionType,jdbcType=VARCHAR},
            </if>
            <if test="createTime != null">
                #{createTime,jdbcType=TIMESTAMP},
            </if>
            <if test="updateTime != null">
                #{updateTime,jdbcType=TIMESTAMP},
            </if>
            <if test="url != null">
                #{url,jdbcType=VARCHAR},
            </if>
            <if test="parentId != null">
                #{parentId,jdbcType=INTEGER},
            </if>
        </trim>
    </insert>
    <update id="updateByPrimaryKeySelective" parameterType="com.ksit.erp.entity.Permission">
        update permission
        <set>
            <if test="permissionName != null">
                permission_name = #{permissionName,jdbcType=VARCHAR},
            </if>
            <if test="permissionCode != null">
                permission_code = #{permissionCode,jdbcType=VARCHAR},
            </if>
            <if test="permissionType != null">
                permission_type = #{permissionType,jdbcType=VARCHAR},
            </if>
            <if test="createTime != null">
                create_time = #{createTime,jdbcType=TIMESTAMP},
            </if>
            <if test="updateTime != null">
                update_time = #{updateTime,jdbcType=TIMESTAMP},
            </if>
            <if test="url != null">
                url = #{url,jdbcType=VARCHAR},
            </if>
            <if test="parentId != null">
                parent_id = #{parentId,jdbcType=INTEGER},
            </if>
        </set>
        where id = #{id,jdbcType=INTEGER}
    </update>
    <update id="updateByPrimaryKey" parameterType="com.ksit.erp.entity.Permission">
        update permission
        set permission_name = #{permissionName,jdbcType=VARCHAR},
            permission_code = #{permissionCode,jdbcType=VARCHAR},
            permission_type = #{permissionType,jdbcType=VARCHAR},
            create_time     = #{createTime,jdbcType=TIMESTAMP},
            update_time     = #{updateTime,jdbcType=TIMESTAMP},
            url             = #{url,jdbcType=VARCHAR},
            parent_id       = #{parentId,jdbcType=INTEGER}
        where id = #{id,jdbcType=INTEGER}
    </update>
</mapper>