<?xml version="1.0" encoding="UTF-8"?>
<!DOCTYPE mapper PUBLIC "-//mybatis.org//DTD Mapper 3.0//EN" "http://mybatis.org/dtd/mybatis-3-mapper.dtd">
<mapper namespace="com.ksit.erp.mapper.RolePermissionMapper">
    <resultMap id="BaseResultMap" type="com.ksit.erp.entity.RolePermission">
        <id column="id" jdbcType="INTEGER" property="id"/>
        <result column="role_id" jdbcType="INTEGER" property="roleId"/>
        <result column="permission_id" jdbcType="INTEGER" property="permissionId"/>
    </resultMap>
    <sql id="Base_Column_List">
        id, role_id, permission_id
    </sql>
    <select id="selectByPrimaryKey" parameterType="java.lang.Integer" resultMap="BaseResultMap">
        select
        <include refid="Base_Column_List"/>
        from role_permission
        where id = #{id,jdbcType=INTEGER}
    </select>

    <!--查询角色和对应的权限列表-->
    <select id="listRoleWithPermission" resultType="com.ksit.erp.entity.Role">

    </select>
    <select id="queryByPermissionId" resultType="java.lang.Integer">
        select count(1) from role_permission where permission_id = #{id}
    </select>
    <delete id="deleteByPrimaryKey" parameterType="java.lang.Integer">
        delete from role_permission
        where id = #{id,jdbcType=INTEGER}
    </delete>
    <delete id="deleteByRoleId">
        delete  from role_permission where role_id = #{id}
    </delete>
    <insert id="insert" parameterType="com.ksit.erp.entity.RolePermission">
        insert into role_permission (id, role_id, permission_id
        )
        values (#{id,jdbcType=INTEGER}, #{roleId,jdbcType=INTEGER}, #{permissionId,jdbcType=INTEGER}
        )
    </insert>
    <insert id="insertSelective" parameterType="com.ksit.erp.entity.RolePermission">
        insert into role_permission
        <trim prefix="(" suffix=")" suffixOverrides=",">
            <if test="id != null">
                id,
            </if>
            <if test="roleId != null">
                role_id,
            </if>
            <if test="permissionId != null">
                permission_id,
            </if>
        </trim>
        <trim prefix="values (" suffix=")" suffixOverrides=",">
            <if test="id != null">
                #{id,jdbcType=INTEGER},
            </if>
            <if test="roleId != null">
                #{roleId,jdbcType=INTEGER},
            </if>
            <if test="permissionId != null">
                #{permissionId,jdbcType=INTEGER},
            </if>
        </trim>
    </insert>
    <update id="updateByPrimaryKeySelective" parameterType="com.ksit.erp.entity.RolePermission">
        update role_permission
        <set>
            <if test="roleId != null">
                role_id = #{roleId,jdbcType=INTEGER},
            </if>
            <if test="permissionId != null">
                permission_id = #{permissionId,jdbcType=INTEGER},
            </if>
        </set>
        where id = #{id,jdbcType=INTEGER}
    </update>
    <update id="updateByPrimaryKey" parameterType="com.ksit.erp.entity.RolePermission">
        update role_permission
        set role_id       = #{roleId,jdbcType=INTEGER},
            permission_id = #{permissionId,jdbcType=INTEGER}
        where id = #{id,jdbcType=INTEGER}
    </update>
</mapper>