<?xml version="1.0" encoding="UTF-8"?>
<!DOCTYPE mapper PUBLIC "-//mybatis.org//DTD Mapper 3.0//EN" "http://mybatis.org/dtd/mybatis-3-mapper.dtd">
<mapper namespace="com.ksit.erp.mapper.TypeMapper">
  <resultMap id="BaseResultMap" type="com.ksit.erp.entity.Type">
    <id column="id" jdbcType="INTEGER" property="id" />
    <result column="type_name" jdbcType="VARCHAR" property="typeName" />
  </resultMap>
  <sql id="Base_Column_List">
    id, type_name
  </sql>
  <select id="selectByPrimaryKey" parameterType="java.lang.Integer" resultMap="BaseResultMap">
    select 
    <include refid="Base_Column_List" />
    from type
    where id = #{id,jdbcType=INTEGER}
  </select>
  <delete id="deleteByPrimaryKey" parameterType="java.lang.Integer">
    delete from type
    where id = #{id,jdbcType=INTEGER}
  </delete>
  <insert id="insert" parameterType="com.ksit.erp.entity.Type">
    insert into type (id, type_name)
    values (#{id,jdbcType=INTEGER}, #{typeName,jdbcType=VARCHAR})
  </insert>
  <insert id="insertSelective" parameterType="com.ksit.erp.entity.Type">
    insert into type
    <trim prefix="(" suffix=")" suffixOverrides=",">
      <if test="id != null">
        id,
      </if>
      <if test="typeName != null">
        type_name,
      </if>
    </trim>
    <trim prefix="values (" suffix=")" suffixOverrides=",">
      <if test="id != null">
        #{id,jdbcType=INTEGER},
      </if>
      <if test="typeName != null">
        #{typeName,jdbcType=VARCHAR},
      </if>
    </trim>
  </insert>
  <update id="updateByPrimaryKeySelective" parameterType="com.ksit.erp.entity.Type">
    update type
    <set>
      <if test="typeName != null">
        type_name = #{typeName,jdbcType=VARCHAR},
      </if>
    </set>
    where id = #{id,jdbcType=INTEGER}
  </update>
  <update id="updateByPrimaryKey" parameterType="com.ksit.erp.entity.Type">
    update type
    set type_name = #{typeName,jdbcType=VARCHAR}
    where id = #{id,jdbcType=INTEGER}
  </update>
</mapper>