<?xml version="1.0" encoding="UTF-8"?>
<beans xmlns="http://www.springframework.org/schema/beans"
       xmlns:xsi="http://www.w3.org/2001/XMLSchema-instance"
       xmlns:context="http://www.springframework.org/schema/context" xmlns:tx="http://www.springframework.org/schema/tx"
       xsi:schemaLocation="http://www.springframework.org/schema/beans http://www.springframework.org/schema/beans/spring-beans.xsd http://www.springframework.org/schema/context http://www.springframework.org/schema/context/spring-context.xsd http://www.springframework.org/schema/tx http://www.springframework.org/schema/tx/spring-tx.xsd">

    <!--开启自动扫描-->
    <context:component-scan base-package="com.ksit.erp">
        <!--排除@Controller注解-->
        <context:exclude-filter type="annotation" expression="org.springframework.stereotype.Controller"/>
    </context:component-scan>

    <context:property-placeholder location="classpath:config.properties"/>

    <!--配置数据源-->
    <bean id="datasource" class="org.apache.commons.dbcp2.BasicDataSource">
        <property name="driverClassName" value="${jdbc.driver}"/>
        <property name="url" value="${jdbc.url}"/>
        <property name="username" value="${jdbc.username}"/>
        <property name="password" value="${jdbc.password}"/>
        <property name="testOnBorrow" value="true"/>
        <property name="validationQuery" value="select 1"/>
    </bean>

    <!--配置事务-->
    <bean id="transactionManager" class="org.springframework.jdbc.datasource.DataSourceTransactionManager">
        <property name="dataSource" ref="datasource"/>
    </bean>

    <!--开启基于注解的事务-->
    <tx:annotation-driven transaction-manager="transactionManager"/>

    <!--整合mybatis-->
    <bean id="sqlSessionFactory" class="org.mybatis.spring.SqlSessionFactoryBean">
        <property name="dataSource" ref="datasource"/>
        <property name="typeAliasesPackage" value="com.ksit.erp.entity"/>
        <property name="mapperLocations" value="classpath:mapper/*.xml"/>
        <property name="configuration">
            <bean class="org.apache.ibatis.session.Configuration">
                <property name="mapUnderscoreToCamelCase" value="true"/>
            </bean>
        </property>
        <property name="plugins">
            <array>
                <bean class="com.github.pagehelper.PageInterceptor">
                    <!-- 这里的几个配置主要演示如何使用，如果不理解，一定要去掉下面的配置 -->
                    <property name="properties">
                        <value>
                            helperDialect=mysql
                        </value>
                    </property>
                </bean>
            </array>
        </property>
    </bean>

    <!--扫描mapper接口并动态创建实现类对象并放入spring容器-->
    <bean class="org.mybatis.spring.mapper.MapperScannerConfigurer">
        <property name="basePackage" value="com.ksit.erp.mapper"/>
    </bean>
</beans>