<?xml version="1.0" encoding="UTF-8"?>
<beans xmlns="http://www.springframework.org/schema/beans"
       xmlns:xsi="http://www.w3.org/2001/XMLSchema-instance"
       xsi:schemaLocation="http://www.springframework.org/schema/beans http://www.springframework.org/schema/beans/spring-beans.xsd">

    <!--配置安全管理器-->
    <bean id="securityManager" class="org.apache.shiro.web.mgt.DefaultWebSecurityManager">
        <property name="realm" ref="myRealm"/>
    </bean>
    <!--配置缓存管理器-->

    <!--配置自定义的realm-->
    <bean id="myRealm" class="com.ksit.erp.shiro.MyRealm"/>

    <!--配置生命周期管理器-->
    <bean id="lifecycleBeanPostProcessor" class="org.apache.shiro.spring.LifecycleBeanPostProcessor"/>

    <!--开启基于注解的shiro 管理器-->
    <bean class="org.springframework.aop.framework.autoproxy.DefaultAdvisorAutoProxyCreator"
          depends-on="lifecycleBeanPostProcessor"/>
    <bean class="org.apache.shiro.spring.security.interceptor.AuthorizationAttributeSourceAdvisor">
        <property name="securityManager" ref="securityManager"/>
    </bean>

    <!--配置shiro filter 过滤器-->
    <bean id="shiroFilter" class="org.apache.shiro.spring.web.ShiroFilterFactoryBean">
        <!--配置安全管理器-->
        <property name="securityManager" ref="securityManager"/>
        <!--配置登录的URL-->
        <property name="loginUrl" value="/"/>
        <!--配置登录成功的URL-->
        <property name="successUrl" value="/home"/>
        <!--访问没有权限的资源跳转的url-->
        <property name="unauthorizedUrl" value="/401"/>
        <!--规则-->
        <property name="filterChainDefinitions">
            <value>
                /favicon.ico = anon
                /static/** = anon
                /logout = logout
                /** = authc
            </value>
        </property>
    </bean>

</beans>